__article_key,publication
13 Principles for Using AI Responsibly: Companies need to consider a set of risks as they explore how to adopt new tools.|2023-06,HBR
3 Areas Where AI Will Boost Your Competitive Advantage.|2021-12,HBR
3 Obstacles to Regulating Generative AI.|2023-10,HBR
"3 Steps to Prepare Your Culture for AI: How to help employees embrace curiosity, failure, and learning.|2023-06",HBR
"3 Strategies to Help Employees Thrive in the New ""Normal"".|2021-11",HBR
3 Tactics to Accelerate a Digital Transformation.|2021-11,HBR
3 Ways AI Is Changing How Companies Work.|2025-01,HBR
3 Ways to Embed DEI Into Your Company's AI Strategy.|2024-01,HBR
4 Factors That Will Help Project Managers Fulfill AI's Potential.|2023-11,HBR
4 Models for Using AI to Make Decisions.|2017-01,HBR
4 Questions to Assess the Trustworthiness of Your Company's GenAI.|2024-01,HBR
4 Types of Gen AI Risk and How to Mitigate Them.|2024-05,HBR
5 Questions Boards Should Be Asking About Digital Transformation.|2021-06,HBR
5 Reasons People Get Laid Off.|2024-01,HBR
5 Rules to Manage AI's Unintended Consequences.|2021-05,HBR
5 Skills Every Salesperson Needs to Succeed.|2022-09,HBR
5 Ways Marketing and Sales Leaders Can Embrace GenAI.|2023-11,HBR
5 Ways to Future-Proof Your Career in the Age of AI.|2023-04,HBR
50 Global Hubs for Top AI Talent.|2021-12,HBR
"6 Ways AI Changed Business in 2024, According to Executives.|2025-01",HBR
6 Ways AI Could Disrupt Your Business.|2024-01,HBR
8 Essential Qualities of Successful Leaders.|2023-12,HBR
"8 Questions About Using AI Responsibly, Answered.|2023-05",HBR
8 Ways Machine Learning Is Improving Companie's Work Processes.|2017-05,HBR
A BETTER WAY TO ONBOARD AI.|2020-07,HBR
A BETTER WAY TO ONBOARD AI.|2021-12,HBR
A Better Way to Link Sales and Marketing.|2024-11,HBR
A Framework for Picking the Right Generative AI Project.|2023-03,HBR
A New Machine Learning Approach Answers What-If Questions.|2025-04,MIT SMR
A New Model to Spark Innovation Inside Big Companies.|2021-05,HBR
A Sports Analogy for Understanding Different Ways to Use AI.|2023-12,HBR
A Sports Analogy for Understanding Different Ways to Use AI.|2024-10,HBR
A Strategic Approach for Meeting Customer Demand as Quickly as Possible.|2024-10,HBR
A Toolkit to Help You Manage Uncertainty Around AI.|2024-10,HBR
AI Adoption Skyrocketed Over the Last 18 Months.|2021-09,HBR
AI Adoption in U.S. Health Care Won’t Be Easy.|2023-09,HBR
AI Agents Are Changing How People Shop. Here's What That Means for Brands.|2025-02,HBR
"AI CAN BE A TROUBLESOME TEAMMATE: AI is a focused intelligence, groomed for maximum perfection. That's why, research shows, most people don't trust it.|2017-07",HBR
"AI Can (Mostly) Outperform Human CEOs: When researchers at the University of Cambridge pitted human competitors against a leading LLM, the chatbot beat the top participants on almost every metric. It also was fired more quickly.|2024-09",HBR
AI Can Be Both Accurate and Transparent.|2023-05,HBR
AI Can Help Companies Tap New Sources of Data for Analytics.|2021-03,HBR
AI Can Help You Ask Better Questions -- and Solve Bigger Problems: Leaders should focus less on automation and more on innovation.|2023-05,HBR
AI Doesn't Have to Be Too Complicated or Expensive for Your Business.|2021-07,HBR
AI Has a Revolutionary Ability to Parse Details. What Does That Mean for Business?|2024-07,HBR
AI Is Changing Work -- and Leaders Need to Adapt.|2020-03,HBR
AI Is Making Economists Rethink the Story of Automation.|2024-05,HBR
"AI Is the Future of Cybersecurity, for Better and for Worse.|2017-05",HBR
AI May Soon Replace Even the Most Elite Consultants.|2017-07,HBR
AI Prompt Engineering Isn't the Future: Asking the perfect question is less important than really understanding the problem you're trying to solve.|2023-06,HBR
AI Regulation Is Coming.|2021-09,HBR
AI Success Depends on Tackling “Process Debt”.|2024-06,HBR
AI Will Change Health Care Jobs for the Better.|2018-03,HBR
AI Will Increase the Quantity -- and Quality -- of Phishing Scams.|2024-05,HBR
AI Won't Give You a New Sustainable Advantage.|2024-09,HBR
AI Won’t Replace Humans — But Humans With AI Will Replace Humans Without AI.|2023-08,HBR
AI and the New Digital Cold War.|2024-10,HBR
AI and the New Digital Cold War: Companies and countries need to prioritize collaboration and transformation over competition and disruption.|2023-09,HBR
AI on the Front Lines.|2022-07,MIT SMR
AI with a Human Face.|2023-03,HBR
AI's Potential to Diagnose and Treat Mental Illness.|2018-10,HBR
AI's Real Risk.|2015-12,HBR
AI's Trust Problem.|2024-05,HBR
AI’s EARLY CONQUESTS.|2017-07,HBR
"ARTIFICIAL INTELLIGENCE, FOR REAL: YOU'VE BEEN TOLD IT WILL TRANSFORM EVERYTHING. YOU'VE BEEN TOLD YOU NEED TO INVEST IN IT. BUT YOU HAVEN'T BEEN TOLD HOW. START HERE.|2017-07",HBR
Achieving Individual -- and Organizational -- Value With AI.|2022-11,MIT SMR
Adobe’s CEO on Making Big Bets on Innovation.|2023-11,HBR
An Early-Warning System Will Make Your Supply Chain More Resilient.|2024-12,HBR
Analytics for Marketers.|2023-05,HBR
Anxiety About AI Is Pervasive.|2024-09,HBR
Are You Prepared to Be Interviewed by an AI?|2023-02,HBR
Artificial Intelligence Can't Replace Hard-Earned Knowledge - Yet.|2014-11,HBR
Artificial Intelligence for the Real World.|2018-01,HBR
Artificial Intelligence for the Real World.|2021-12,HBR
"As AI Improves, Investment in It Soars.|2023-05",HBR
"As AI Makes More Decisions, the Nature of Leadership Will Change.|2024-06",HBR
B2B Sales Culture Must Change to Make the Most of Digital Tools.|2023-03,HBR
Being Managed by Algorithms Makes People Bad Colleagues.|2024-07,HBR
Bring Human Values to AI.|2024-03,HBR
Bring Human Values to AI.|2024-10,HBR
Build a Winning AI Strategy for Your Business.|2023-07,HBR
Building Robust RAI Programs as Third-Party AI Tools Proliferate.|2023-06,MIT SMR
Building the AI-Powered Organization.|2019-07,HBR
Building the AI-Powered Organization.|2021-06,HBR
Businesses Need to Bring Younger Employees into Their Leadership Ranks.|2023-10,HBR
COLLABORATIVE INTELLIGENCE: HUMANS AND AI ARE JOINING FORCES: INTERACTION.|2018-09,HBR
COMPETING in THE AGE of AI.|2020-01,HBR
COMPETING in THE AGE of AI.|2021-12,HBR
Can AI Address Health Care's Red-Tape Problem?|2018-11,HBR
Can AI Assistants Add Value to Your Sales Team?|2024-09,HBR
Can AI Deliver Fully Automated Factories?|2024-08,HBR
Can AI Help Your Company Innovate? It Depends.|2024-07,HBR
Can AI Really Help You Sell?|2022-11,HBR
Can AI Teach Us How to Become More Emotionally Intelligent?|2022-01,HBR
Can China Build a Lasting Lead in AI?|2021-07,HBR
Can Data Drive Racial Equity?|2021-01,MIT SMR
Can Startups Thrive in an Age of AI?|2024-10,HBR
Can Surveillance AI Make the Workplace Safe?|2020-09,MIT SMR
Case Study: How Aggressively Should a Bank Pursue AI?|2024-05,MIT SMR
Case Study: Should We Deploy a Gen AI Salesbot?|2024-11,HBR
Charting the Emerging Geography of AI.|2023-12,HBR
ChatGPT Is a Tipping Point for AI: The ability for anyone to produce pretty good text and code on command will transform work.|2022-12,HBR
ChatGPT and How AI Disrupts Industries.|2022-12,HBR
Collaborative Intelligence: Humans and AI Are Joining Forces.|2018-07,HBR
Collaborative Intelligence: Humans and AI Are Joining Forces.|2021-12,HBR
Companies That Replace People with AI Will Get Left Behind.|2023-06,HBR
Could Gen AI End Incumbent Firms' Competitive Advantage?|2024-11,HBR
Create Winning Customer Experiences with Generative AI.|2023-04,HBR
Customer Experience in the Age of AI.|2022-03,HBR
Data Collectives Are the Next Frontier of Labor Relations.|2024-09,HBR
Democratizing Transformation.|2022-05,HBR
Designing Generative AI to Work for People with Disabilities: An estimated 386 million working age people have some kind of disability. These six features will ensure your tools are as accessible as possible.|2023-08,HBR
Designing a Responsible AI Program? Start with this Checklist.|2024-12,HBR
Don't Wait for a Crisis to Reduce Costs.|2024-03,HBR
Don’t Get Distracted by the Hype Around Generative AI.|2023-07,MIT SMR
Don’t Let Gen AI Limit Your Team’s Creativity.|2024-03,HBR
Eliminating Algorithmic Bias Is Just the Beginning of Equitable AI.|2023-09,HBR
Everyone in Your Organization Needs to Understand AI Ethics.|2021-07,HBR
Executive Summaries July–August 2021.|2021-07,MIT SMR
Executive Summaries.|2021-12,HBR
Executive Summaries.|2024-10,HBR
Executive Summaries.|2024-12,HBR
Executive Summaries.|2025-01,HBR
Find the Right Pace for Your AI Rollout: A three-step approach.|2022-08,HBR
"For Patients to Trust Medical AI, They Need to Understand It.|2021-09",HBR
"For Success with AI, Bring Everyone On Board.|2024-05",HBR
Four Questions to Assess the Trustworthiness of Your Company's Gen AI.|2024-10,HBR
From Prediction to Transformation.|2022-11,HBR
Fulfilling the Promise of AI Requires Rethinking the Nature of Work Itself.|2017-12,HBR
Gen AI Can Help Small Companies Level the Playing Field.|2024-10,HBR
Gen AI Is Coming for Remote Workers First.|2024-07,HBR
Gen AI Will Change How We Design Jobs. Here's How.|2024-10,HBR
GenAI Can Help Companies Do More with Customer Feedback.|2024-04,HBR
GenAI Can Help Small Companies Level the Playing Field.|2024-02,HBR
GenAI Could Make Online Conversations More Civil.|2024-03,HBR
Generative AI Has an Intellectual Property Problem.|2023-04,HBR
Generative AI Is Still Just a Prediction Machine.|2024-11,HBR
Generative AI Will Change Your Business. Here's How to Adapt.|2023-04,HBR
Generative AI Will Enhance -- Not Erase -- Customer Service Jobs: Companies should start looking now for creative ways to tap the power of human-machine collaboration.|2023-03,HBR
Generative AI Will Transform Virtual Meetings.|2023-11,HBR
"Generative AI Won't Revolutionize Search -- Yet: There are major practical, technical, and legal challenges to overcome before tools like ChatGPT reach the scale, robustness, and reliability of Google.|2023-02",HBR
Generative AI-nxiety.|2023-08,HBR
"Genpact CEO Tiger Tyagarajan: AI Is Getting Good, But Still Can't Replace Human Curiosity: If developed the right way, technology will augment-not replace-human.|2023-01",HBR
Getting AI to Scale.|2021-05,HBR
Getting AI to Scale.|2021-12,HBR
Getting AI to Scale.|2024-10,HBR
Good Judgment Is a Competitive Advantage in the Age of AI.|2023-09,MIT SMR
"Governance for Smarter KPIs: Effective governance enables KPIs to evolve, remain aligned with strategic goals, and gain workers' and managers' trust.|2023-11",MIT SMR
HOW AI FITS INTO YOUR DATA SCIENCE TEAM: It helps to know the three things data scientists do.|2017-07,HBR
"HOW SMART, CONNECTED PRODUCTS ARE TRANSFORMING COMPANIES.|2015-10",HBR
HOW WOMEN CAN WIN IN THE WORKPLACE.|2025-03,HBR
HR's New Role.|2024-05,HBR
Harnessing Imagination to Drive Innovation.|2024-03,HBR
Has Generative AI Peaked?|2023-11,HBR
Heavy Machinery Meets AI.|2024-03,HBR
Helping Employees Succeed with Generative AI.|2023-11,HBR
How AI Affects Our Sense of Self.|2023-09,HBR
How AI Can Change the Way Your Company Gets Work Done.|2024-07,HBR
How AI Can Help Companies Set Prices More Ethically.|2021-03,HBR
How AI Can Help Leaders Make Better Decisions Under Pressure.|2023-10,HBR
How AI Can Help Your Company Set a Budget.|2024-11,HBR
How AI Can Make Us Better Leaders.|2024-06,HBR
How AI Can Power Brand Management.|2024-09,HBR
How AI Could Help Reduce Inequities in Health Care.|2024-08,HBR
How AI Fits into Lean Six Sigma.|2023-11,HBR
How AI Skews Our Sense of Responsibility.|2024-07,MIT SMR
How AI Vendors Can Navigate the Health Care Industry.|2021-05,HBR
"How AI Will Accelerate the Circular Economy: Digital technology will help companies extend the life of products, use fewer materials in production, and use more recycled materials.|2023-06",HBR
How AI Will Change Strategy: A Thought Experiment.|2017-10,HBR
How AI Will Change Strategy: A Thought Experiment.|2021-12,HBR
How AI Will Transform Project Management.|2023-02,HBR
How Ageism Is Undermining AI Implementation.|2025-02,HBR
How Amazon Automated Work and Put Its People to Better Use.|2021-12,HBR
How CEOs Are Using Gen AI for Strategic Planning.|2024-09,HBR
How Companies Are Already Using AI.|2017-04,HBR
"How Companies Are Benefiting from ""Lite"" Artificial Intelligence.|2016-07",HBR
How Companies Can Build Trustworthy AI Assistants.|2023-11,HBR
How Companies Can Build Trustworthy AI Assistants.|2024-10,HBR
How Companies Can Use AI to Better Serve Deaf and Hard-of-Hearing Customers.|2024-09,HBR
How Companies Can Use LLM-Powered Search to Create Value: Powerful new tools can change how employees interact with institutional knowledge.|2024-10,HBR
How Competition Is Driving AI's Rapid Adoption.|2018-10,HBR
How Data Collaboration Platforms Can Help Companies Build Better AI.|2024-01,HBR
How Digitally Mature Is Your Finance Office?|2023-07,MIT SMR
How Early-Adopter Companies Are Thinking About Apple Vision Pro.|2024-02,HBR
How Gen AI Can Make Work More Fulfilling.|2024-06,HBR
How GenAI Could Accelerate Employee Learning and Development.|2023-12,HBR
How Generative AI Can Augment Human Creativity.|2023-07,HBR
How Generative AI Can Augment Human Creativity.|2024-10,HBR
"How Generative AI Can Support Advanced Analytics Practice: Large language models can enhance data and analytics work by helping humans prepare data, improve models, and understand results.|2024-07",HBR
How Generative AI Changes Organizational Culture.|2024-12,HBR
How Generative AI Could Disrupt Creative Work: Three scenarios -- and how to navigate them.|2023-04,HBR
How Generative AI Improves Supply Chain Management.|2025-01,HBR
How Generative AI Will Transform Knowledge Work.|2023-11,HBR
How Global Companies Use AI to Prevent Supply Chain Disruptions.|2023-11,HBR
"How Harley-Davidson Used Artificial Intelligence to Increase New York Sales Leads by 2,930%.|2017-05",HBR
How Hospitals Are Using AI to Battle Covid-19.|2021-12,HBR
How Human-Computer 'Superminds' Are Redefining the Future of Work.|2018-07,MIT SMR
How Is Your Team Spending the Time Saved by Gen AI?|2025-03,HBR
How Large Language Models Reflect Human Judgment: OpenAI used a simple form of human feedback.|2023-06,HBR
How Leading Consultancies Can Better Manage AI Risk.|2023-11,HBR
How Marketers Can Adapt to LLM-Powered Search.|2024-05,HBR
How Midsize Companies Can Compete in AI.|2021-09,HBR
How Midsize Companies Can Keep Up with AI.|2023-05,HBR
How Much Supervision Should Companies Give AI Agents?|2025-01,HBR
How Network Effects Make AI Smarter.|2023-03,HBR
How No-Code Platforms Can Bring AI to Small and Midsize Businesses.|2021-11,HBR
How One Company Used AI to Manage the Deluge of Documents.|2025-01,HBR
How One Major Healthcare Firm Became the Leader in Innovative AI Use.|2024-08,HBR
How People Are Using Generative AI.|2024-07,HBR
How Professional Services Firms Dodged Disruption.|2023-07,MIT SMR
How Sales Teams Can Use Gen AI to Discover What Clients Need.|2025-02,HBR
How Targeted Ads and Dynamic Pricing Can Perpetuate Bias.|2022-12,HBR
How We Built a Virtual Scheduling Assistant at Microsoft.|2017-07,HBR
How Will AI Change Work? Here Are Five Schools of Thought.|2021-12,HBR
How Will Generative AI Disrupt Video Platforms?|2023-03,HBR
How the Next Generation of Managers Is Using Gen AI.|2024-09,HBR
How to Avoid the Ethical Nightmares of Emerging Technology.|2023-05,HBR
How to Avoid the Ethical Nightmares of Emerging Technology.|2024-10,HBR
How to Be Systematic About Adopting AI at Your Company.|2024-11,HBR
How to Build Accountability into Your AI.|2021-08,HBR
How to Build Good AI Solutions When Data Is Scarce.|2023-01,MIT SMR
How to Capitalize on Generative AI.|2023-11,HBR
How to Capitalize on Generative AI.|2024-10,HBR
How to Choose Your First AI Project.|2019-02,HBR
How to Choose Your First AI Project.|2021-12,HBR
How to Decide If AI Should Be Part of Your Growth Strategy.|2024-03,HBR
How to Design an AI Marketing Strategy.|2021-07,HBR
How to Get Hired in the Era of Gen AI.|2024-10,HBR
How to Implement AI -- Responsibly.|2024-05,HBR
"How to Integrate Cloud, Data, and AI Technologies — and Make Your Company More Adaptable.|2024-07",HBR
How to Lead When the Future Feels Unpredictable.|2024-11,HBR
How to Make Generative AI Greener.|2023-07,HBR
How to Make Your Company Machine Learning Ready.|2016-11,MIT SMR
How to Manipulate Customers ... Ethically.|2021-10,HBR
How to Prepare Your Company for AI Incidents.|2024-12,HBR
How to Prepare for a GenAI Future You Can't Predict: A framework for making plans in the midst of great uncertainty.|2023-08,HBR
How to Red Team a Gen AI Model.|2024-01,HBR
How to Red Team a Gen AI Model.|2024-10,HBR
How to Regulate Generative AI in Health Care.|2024-09,HBR
"How to Reskill Your Workforce in the Age of AI: AI can augment decision making, but should not make decisions. That will continue to be the job of smart leaders.|2023-08",HBR
How to Set Up an AI Center of Excellence.|2019-01,HBR
How to Set Up an AI R&amp;D Lab.|2018-11,HBR
How to Set Your AI Project Up for Success.|2021-12,HBR
How to Train Generative AI Using Your Company’s Data.|2023-07,HBR
How to Use AI to Build Your Company's Collective Intelligence.|2024-10,HBR
How to Use Games to Build Relationships with Your Customers.|2024-11,HBR
Human Error Drives Most Cyber Incidents. Could AI Help?|2023-05,HBR
"INSIDE FACEBOOK'S AI WORKSHOP: At the social network behemoth, machine learning has become a platform for the platform.|2017-07",HBR
"If You Want Your Team to Use Gen AI, Focus on Trust.|2025-01",HBR
"If Your Company Uses AI, It Needs an Institutional Review Board.|2021-04",HBR
"If Your Company Uses AI, It Needs an Institutional Review Board.|2021-12",HBR
Improving Analytics Capabilities Through Crowdsourcing.|2016-07,MIT SMR
Inside Facebook’s AI Workshop.|2021-12,HBR
Intelligent Choices Reshape Decision-Making and Productivity.|2024-10,MIT SMR
Is AI the Right Tool to Solve That Problem?|2024-12,HBR
Is China Emerging as the Global Leader in AI?|2021-02,HBR
Is Gen AI's Impact on Productivity Overblown?|2024-10,HBR
Is Incrementalism Holding Back Your AI Strategy?|2025-03,HBR
Is Your AI-First Strategy Causing More Problems Than It's Solving?|2024-03,HBR
Is Your Company's Data Ready for Gen AI?|2024-10,HBR
Is Your Company's Data Ready for Generative AI?|2024-03,HBR
Is Your Data Infrastructure Ready for AI?|2021-12,HBR
Is Your Job AI Resilient?|2024-10,HBR
Is Your Mindset About Generative AI Limiting Your Professional Growth?|2024-05,HBR
It's Time for Boards to Take AI Seriously.|2023-11,HBR
Keep Your AI Projects on Track.|2023-11,HBR
Leading AI Is Still Leading.|2023-10,HBR
Leading in a World Where AI Wields Power of Its Own.|2024-01,HBR
"Learning to Manage Uncertainty, With AI.|2024-11",MIT SMR
Learning to Work with Intelligent Machines.|2019-09,HBR
Learning to Work with Intelligent Machines.|2021-12,HBR
Let's End Toxic Productivity.|2024-11,HBR
Let's Get to Work.|2024-04,MIT SMR
MARKETING IN THE AGE OF ALEXA.|2018-05,HBR
MARKETING IN THE AGE OF ALEXA.|2022-12,HBR
Making Sustainability More Tangible.|2024-03,MIT SMR
Manage Capital Investments Like a Supply Chain.|2024-12,HBR
Managing AI Decision-Making Tools.|2021-11,HBR
"Managing Data Privacy Risk in Advanced Analytics: Cybersecurity techniques that keep personal data safe can limit its use for analytics -- but data scientists, data owners, and IT can partner more closely to find middle ground.|2024-07",MIT SMR
Managing the Distraction-Focus Paradox.|2018-07,MIT SMR
Managing the Risks of Gen AI.|2024-10,HBR
Managing the Risks of Generative AI.|2023-12,HBR
Managing the Risks of Generative AI: Guidelines for companies as they implement the next generation of AI tools.|2023-06,HBR
Navigating the New Geopolitics of Tech.|2024-11,HBR
New AI Regulations Are Coming. Is Your Organization Ready?|2021-04,HBR
New Technologies Arrive in Clusters. What Does That Mean for AI?|2023-10,HBR
Nudge Users to Catch Generative AI Errors.|2024-07,MIT SMR
Overcoming the Hard Problems to Advance AI Practice.|2024-07,MIT SMR
PRODUCTIVITY Bots Won't Just Help Us Buy Stuff. They'll Help Us Become Better Versions of Ourselves.|2017-06,HBR
PUTTING PRODUCTS INTO SERVICES.|2016-09,HBR
People May Be More Trusting of AI When They Can’t See How It Works.|2023-09,HBR
Personalization Done Right.|2024-11,HBR
Predicting the Future.|2022-04,HBR
Quantum Computing Is Coming. What Can It Do?|2021-07,HBR
Radical Optionality.|2023-05,HBR
Recognizing Your Customer's Purpose is Key to Growth.|2021-05,HBR
Research: Consumers Don't Want AI to Seem Human.|2025-01,HBR
Research: Gen AI Changes the Value Proposition of Foreign Remote Workers.|2025-01,HBR
Research: How Different Fields Are Using GenAI to Redefine Roles.|2024-03,HBR
Research: How Responsible AI Protects the Bottom Line.|2025-03,HBR
Research: Leaders Undervalue Creative Work from AI-Managed Teams.|2024-03,HBR
Research: Technology Is Only Making Social Skills More Important.|2015-08,HBR
Reshaping Business With Artificial Intelligence.|2017-10,MIT SMR
Reskilling in the Age of AI.|2023-09,HBR
Reskilling in the Age of AI.|2024-10,HBR
Robots Need Us More Than We Need Them.|2022-03,HBR
Set Your Team Up to Collaborate with AI Successfully.|2024-11,HBR
Setting Your B2B Sales Strategy in a Downturn.|2023-01,HBR
Should You Start a Generative AI Company?|2023-06,HBR
Should You Write with Gen AI?|2024-12,HBR
Six Ways AI Could Disrupt Your Business.|2024-10,HBR
Small Data Can Play a Big Role in AI.|2020-02,HBR
Stop Overengineering People Management.|2020-09,HBR
Stop Tinkering with AI.|2023-01,MIT SMR
Strategy in an Era of Abundant Expertise.|2025-03,HBR
"Strategy, Not Technology, Is the Key to Winning with GenAI.|2023-12",HBR
Supply Chains Belong at the Top of a CEO's Agenda: Five ways leaders can navigate the growing risks of instability and disruption without getting bogged down in tactical issues.|2024-09,HBR
Survey: GenAI Is Making Companies More Data Oriented.|2024-01,HBR
THE BUSINESS OF ARTIFICIAL INTELLIGENCE: WHAT IT CAN -- AND CANNOT -- DO FOR YOUR ORGANIZATION.|2017-07,HBR
Tackling AI’s Climate Change Problem.|2024-01,MIT SMR
Talent Management in the Age of AI.|2023-12,HBR
Talent Management in the Age of AI.|2024-10,HBR
Tech at the Edge: Evaluating the Potential of Emerging Tools.|2023-04,MIT SMR
The 2023 HBR Prize.|2024-05,HBR
The 5 Fronts of Digital Transformation in the Middle Market.|2021-10,HBR
The 5 Things Your AI Unit Needs to Do.|2018-01,HBR
The 6 Disciplines Companies Need to Get the Most Out of Gen AI.|2024-07,HBR
The AI Hype Cycle Is Distracting Companies.|2023-06,HBR
The Art of Asking Smarter Questions.|2024-05,HBR
The Best Leaders Can't Be Replaced by AI.|2024-01,HBR
The Best Leaders Can't Be Replaced by AI.|2024-10,HBR
The Business Case for Quantum Computing.|2023-04,MIT SMR
The Business of Artificial Intelligence.|2021-12,HBR
The Charts that Help Make Sense of 2024.|2024-12,HBR
The Data Problem Stalling AI.|2021-01,MIT SMR
The Digital Economy Runs on Open Source. Here's How to Protect It.|2021-09,HBR
The Digital World Is Changing Rapidly. Your Cybersecurity Needs to Keep Up.|2023-05,HBR
The Ethics of Managing People’s Data.|2023-07,HBR
The First Wave of Corporate AI Is Doomed to Fail.|2017-04,HBR
The Fundamental Flaw in AI Implementation.|2018-01,MIT SMR
"The Future of AI Will Be About Less Data, Not More.|2019-01",HBR
"The Future of AI Will Be About Less Data, Not More.|2021-12",HBR
The Irreplaceable Value of Human Decision-Making in the Age of AI.|2024-12,HBR
The Jobs That Artificial Intelligence Will Create.|2017-07,HBR
The Limits of GenAI Educators.|2024-07,HBR
The New Risks ChatGPT Poses to Cybersecurity.|2023-04,HBR
The New Rules of Marketing Across Channels.|2024-06,HBR
The No. 1 Question to Ask When Evaluating AI Tools.|2023-04,MIT SMR
The Only Way Manufacturers Can Survive.|2019-04,MIT SMR
"The Opportunities at the Intersection of AI, Sustainability, and Project Management.|2023-10",HBR
The Pitfalls of Pricing Algorithms.|2021-09,HBR
The Power of Natural Language Processing.|2022-04,HBR
The Real Deal About Synthetic Data.|2022-01,MIT SMR
The Risks of Botshit.|2024-07,HBR
The Secret to Successful AI-Driven Process Redesign.|2025-01,HBR
The Simple Economics of Machine Intelligence.|2016-11,HBR
The Skills Your Employees Need to Work Effectively with AI.|2023-11,HBR
The UAW and Other Unions Must Focus More on AI and Automation in Their Negotiations.|2023-09,HBR
The Uneven Distribution of AI’s Environmental Impacts.|2024-07,HBR
Thinking Through the Ethics of New Tech... Before There's a Problem.|2021-11,HBR
Three Steps to Prepare Your Culture for AI.|2024-12,HBR
Three Ways AI Is Getting More Emotional.|2021-12,HBR
"To Be a Responsible AI Leader, Focus on Being Responsible.|2022-09",MIT SMR
"To Build Less-Biased AI, Hire a More-Diverse Team.|2020-10",HBR
"To Get Consumers to Trust AI, Show Them Its Benefits.|2017-04",HBR
"To Mitigate Gen AI's Risks, Draw on Your Team's Collective Judgment.|2024-11",HBR
"To Prepare for Automation, Stay Curious and Don’t Stop Learning.|2021-06",HBR
Train Your Brain to Work Creatively with Gen AI.|2024-11,HBR
Turn Generative AI from an Existential Threat into a Competitive Advantage.|2024-01,HBR
Turn Generative AI from an Existential Threat into a Competitive Advantage.|2024-10,HBR
Understanding Unhappy Patients Makes Hospitals Better for Everyone.|2021-04,HBR
Use Gen AI to Improve Scenario Planning.|2024-10,HBR
Use Open Source for Safer Generative AI Experiments.|2024-01,MIT SMR
Using AI to Adjust Your Marketing and Sales in a Volatile World.|2023-04,HBR
Using AI to Build Stronger Connections with Customers.|2023-08,HBR
Using AI to Build Stronger Connections with Customers.|2024-10,HBR
Using AI to Track How Customers Feel -- In Real Time.|2021-05,HBR
Using Artificial Intelligence to Promote Diversity.|2019-01,HBR
Using Blockchain to Build Customer Trust in AI.|2025-01,HBR
Using Federated Machine Learning to Overcome the AI Scale Disadvantage: A promising new approach to training AI models lets companies with small data sets collaborate while safeguarding proprietary information.|2023-10,MIT SMR
Using Prompt Engineering to Better Communicate with People.|2024-01,HBR
Using Sprints to Boost Your Sales Team’s Performance.|2023-07,HBR
WHAT'S DRIVING THE MACHINE LEARNING EXPLOSION? Three factors make this AI's moment.|2017-07,HBR
WHY AI CAN'T WRITE THIS ARTICLE (YET).|2017-07,HBR
WILL THAT MARKETPLACE SUCCEED?|2024-07,HBR
Want Your Company to Get Better at Experimentation?|2025-01,HBR
We Should Test AI the Way the FDA Tests Medicines.|2021-06,HBR
We're All Programmers Now.|2023-09,HBR
What Changes When AI Is So Accessible That Everyone Can Use It?|2018-01,HBR
What Companies Need to Know Before Investing in AI.|2022-12,HBR
What Does the Tech Industry Value?|2023-05,HBR
What Humans Lose When We Let AI Decide.|2022-04,MIT SMR
What Is Apple's Vision Pro Really For?|2023-06,HBR
What It Takes to Run a Great Hybrid Meeting.|2021-06,HBR
What Leaders Need to Know About Spatial Computing.|2023-11,HBR
What Roles Could Generative AI Play on Your Team? Six ways technologies like ChatGPT could change how we work.|2023-06,HBR
What Sets AI-Driven Companies Apart.|2024-11,HBR
What Sets Breakthrough Strategies Apart.|2018-01,MIT SMR
What We Often Get Wrong About Automation.|2021-12,HBR
What Will Happen When Your Company’s Algorithms Go Wrong?|2021-12,HBR
"What Will Working with AI Really Require? Companies need to think about how employees will cooperate with AI systems -- and how they will compete against them, too.|2023-06",HBR
What to Expect From Artificial Intelligence.|2017-04,MIT SMR
What's Your Cognitive Strategy?|2018-07,MIT SMR
"What, Me Worry?|2023-07",MIT SMR
When -- and Why -- You Should Explain How Your AI Works: Four scenarios in which companies should be prepared to explain an algorithm's predictions.|2022-08,HBR
"When AI Teammates Come On Board, Performance Drops.|2024-05",HBR
"When Algorithms Rule, Values Can Wither.|2023-01",MIT SMR
When Should You Use AI to Solve Problems?|2021-02,HBR
Where Automated Job Interviews Fall Short.|2022-01,HBR
Where Humans Still Have the Edge on AI.|2024-12,HBR
"Who Is Going to Regulate AI? As the world reckons with the impact of powerful new AI systems, governments are jostling to lead the regulatory charge -- and shape how this technology will grow.|2023-05",HBR
Who Profits the Most From Generative AI?|2024-04,MIT SMR
Who Writes the Rules of a Blockchain?|2021-07,HBR
"Why ""Living Intelligence"" Is the Next Big Thing.|2025-01",HBR
Why AI Customer Journeys Need More Friction.|2022-06,HBR
Why AI Will Never Replace Managers.|2021-09,HBR
Why Business Leaders Need to Understand Their Algorithms.|2021-12,HBR
Why Career Transition Is So Hard.|2023-11,HBR
Why Career Transition Is So Hard.|2025-02,HBR
Why Engineers Should Study Philosophy.|2024-04,HBR
Why Every Sales and Marketing Team Needs a “Boundary Spanner”.|2022-12,HBR
Why Isn't Healthcare More Personalized?|2024-11,HBR
Why People Resist Embracing AI.|2025-01,HBR
Why Playing It Safe Is the Riskiest Strategic Choice.|2024-03,HBR
Why Robots Won’t Steal Your Job.|2021-12,HBR
Why We Need to Audit Algorithms.|2018-11,HBR
Why You Need an AI Ethics Committee.|2022-07,HBR
Why the Power of Technology Rarely Goes to the People.|2023-10,HBR
Will AI Replace the Front Office in Pro Sports?|2023-06,HBR
Will Large Language Models Really Change How Work Is Done?|2024-04,MIT SMR
Your Organization Isn't Designed to Work with Gen AI.|2024-10,HBR
Your Organization Isn't Designed to Work with GenAI.|2024-02,HBR
Your Personal Brand Needs a Refresh. Here's Where to Start.|2024-05,HBR
how to win with machine learning.|2020-09,HBR
